{
  "test/integration/FirstJourney.js.map": 1715774030882,
  "Component.js": 1715698780204,
  "test/integration/pages/PurchasesList.js": 1715698780240,
  "test/integration/opaTests.qunit.js": 1715698780232,
  "test/integration/FirstJourney.js": 1715698780244,
  "test/testsuite.qunit.js": 1715698780220,
  "xs-app.json": 1715774015171,
  "manifest.json": 1715774015179,
  "test/integration/pages/PurchasesObjectPage.js": 1715698780240,
  "test/testsuite.qunit-dbg.js": 1715698780220,
  "test/testsuite.qunit.js.map": 1715774030885,
  "test/integration/pages/PurchasesList-dbg.js": 1715698780240,
  "test/integration/pages/PurchasesList.js.map": 1715774030869,
  "test/integration/opaTests.qunit-dbg.js": 1715698780232,
  "test/integration/opaTests.qunit.js.map": 1715774030881,
  "test/integration/FirstJourney-dbg.js": 1715698780244,
  "i18n/i18n.properties": 1715698806155,
  "Component-dbg.js": 1715698780204,
  "Component.js.map": 1715774030871,
  "test/integration/pages/PurchasesObjectPage-dbg.js": 1715698780240,
  "test/integration/pages/PurchasesObjectPage.js.map": 1715774030874,
  "Component-preload.js": 1715774030957,
  "Component-preload.js.map": 1715774030957,
  "test/integration/opaTests.qunit.html": 1715698780232,
  "test/testsuite.qunit.html": 1715698780220,
  "test/flpSandbox.html": 1715698780220,
  "index.html": 1715698780204
}