{
  "xs-app.json": 1715774015167,
  "i18n/i18n.properties": 1715698914664,
  "test/integration/pages/RedemptionsList.js": 1715698909356,
  "test/integration/opaTests.qunit.js": 1715698909340,
  "test/integration/FirstJourney.js": 1715698909356,
  "test/testsuite.qunit.js": 1715698909332,
  "test/integration/pages/RedemptionsObjectPage.js": 1715698909356,
  "manifest.json": 1715774015179,
  "Component.js": 1715698909300,
  "test/testsuite.qunit-dbg.js": 1715698909332,
  "test/testsuite.qunit.js.map": 1715774033492,
  "test/integration/opaTests.qunit-dbg.js": 1715698909340,
  "test/integration/opaTests.qunit.js.map": 1715774033506,
  "test/integration/FirstJourney-dbg.js": 1715698909356,
  "test/integration/FirstJourney.js.map": 1715774033504,
  "test/integration/pages/RedemptionsList-dbg.js": 1715698909356,
  "test/integration/pages/RedemptionsList.js.map": 1715774033489,
  "test/integration/pages/RedemptionsObjectPage-dbg.js": 1715698909356,
  "test/integration/pages/RedemptionsObjectPage.js.map": 1715774033491,
  "Component-dbg.js": 1715698909300,
  "Component.js.map": 1715774033493,
  "Component-preload.js": 1715774033577,
  "Component-preload.js.map": 1715774033578,
  "test/integration/opaTests.qunit.html": 1715698909340,
  "test/testsuite.qunit.html": 1715698909332,
  "test/flpSandbox.html": 1715698909332,
  "index.html": 1715698909300
}