{
  "test/integration/pages/CustomersObjectPage.js.map": 1715774026959,
  "test/integration/pages/CustomersObjectPage.js": 1715698856494,
  "test/integration/pages/CustomersList.js": 1715698856494,
  "test/integration/opaTests.qunit.js": 1715698856486,
  "test/integration/FirstJourney.js": 1715698856498,
  "test/testsuite.qunit.js": 1715698856474,
  "xs-app.json": 1715774015167,
  "manifest.json": 1715774015179,
  "Component.js": 1715698856446,
  "Component-dbg.js": 1715698856446,
  "Component.js.map": 1715774026956,
  "test/integration/pages/CustomersList-dbg.js": 1715698856494,
  "test/integration/pages/CustomersList.js.map": 1715774026961,
  "test/integration/opaTests.qunit-dbg.js": 1715698856486,
  "test/integration/opaTests.qunit.js.map": 1715774026959,
  "test/integration/FirstJourney-dbg.js": 1715698856498,
  "test/integration/FirstJourney.js.map": 1715774026956,
  "test/testsuite.qunit-dbg.js": 1715698856474,
  "test/testsuite.qunit.js.map": 1715774026960,
  "test/integration/pages/CustomersObjectPage-dbg.js": 1715698856494,
  "i18n/i18n.properties": 1715698862373,
  "Component-preload.js": 1715774027030,
  "Component-preload.js.map": 1715774027030,
  "test/integration/opaTests.qunit.html": 1715698856486,
  "test/testsuite.qunit.html": 1715698856478,
  "test/flpSandbox.html": 1715698856474,
  "index.html": 1715698856446
}